Date,DX-Y.NYB,EFA,GLD,GSG,IEF,QQQ,SHY,SPY,TLT,VNQ,XLF,XLU
2006-07-01,85.30000305175781,37.96508026123047,63.15999984741211,50.75,50.62605667114258,31.911056518554688,58.08707046508789,89.77484130859375,48.026275634765625,31.21668243408203,18.45446014404297,17.57462501525879
2006-08-01,85.05000305175781,38.93263626098633,62.290000915527344,47.130001068115234,51.51694869995117,33.43352508544922,58.51646423339844,91.73392486572266,49.48865509033203,32.30437469482422,18.67203140258789,18.05760955810547
2006-09-01,85.97000122070312,39.01902389526367,59.470001220703125,42.06999969482422,52.14623260498047,34.96455383300781,58.772682189941406,93.79837799072266,50.43692398071289,32.63069152832031,19.313583374023438,17.652523040771484
2006-10-01,85.31999969482422,40.48189163208008,60.2400016784668,41.0,52.42616653442383,36.64570236206055,59.01592254638672,97.18008422851562,50.86468505859375,34.924957275390625,19.878089904785156,18.73733901977539
2006-11-01,82.91999816894531,41.72588348388672,64.38999938964844,43.04999923706055,53.119136810302734,37.90221405029297,59.29914855957031,99.11257934570312,52.04489517211914,36.59479904174805,20.018346786499023,19.234695434570312
2006-12-01,83.72000122070312,42.16935348510742,63.209999084472656,40.06999969482422,52.29510498046875,37.14484405517578,59.163936614990234,99.88133239746094,50.47610855102539,35.22690963745117,20.613065719604492,19.22422218322754
2007-01-01,84.61000061035156,43.6597900390625,64.83000183105469,39.04999923706055,52.425533294677734,37.97426223754883,59.65511703491211,101.94841003417969,50.33134841918945,39.074073791503906,20.963951110839844,19.330242156982422
2007-02-01,83.56999969482422,43.60685729980469,66.4800033569336,40.5,53.300254821777344,37.33660888671875,59.86370086669922,99.948486328125,51.8260383605957,38.01976013183594,20.325077056884766,20.355131149291992
2007-03-01,82.93000030517578,44.87125015258789,65.73999786376953,41.5,53.2529411315918,37.50895309448242,60.15610122680664,100.70735168457031,50.95762252807617,37.01679611206055,20.144163131713867,20.973230361938477
2007-04-01,81.44999694824219,46.553192138671875,67.08999633789062,41.689998626708984,53.54465866088867,39.627784729003906,60.3221321105957,105.58533477783203,51.4245719909668,37.183982849121094,21.012466430664062,22.122180938720703
2007-05-01,82.30000305175781,47.65290832519531,65.54000091552734,41.20000076293945,52.80410385131836,40.878013610839844,60.288055419921875,109.16680145263672,50.236854553222656,37.04323196411133,21.51776695251465,22.223094940185547
2007-06-01,81.91999816894531,47.5000114440918,64.2699966430664,42.4900016784668,52.54387283325195,41.04182434082031,60.57126998901367,107.10905456542969,49.714595794677734,33.28963088989258,20.54123306274414,21.022708892822266
2007-07-01,80.7699966430664,46.41204071044922,65.79000091552734,44.52000045776367,53.738441467285156,41.01353073120117,61.109222412109375,104.20264434814453,51.369075775146484,30.922527313232422,18.78112030029297,20.323104858398438
2007-08-01,80.79000091552734,46.118019104003906,66.5199966430664,43.099998474121094,54.95250701904297,42.1697998046875,61.751365661621094,105.53987884521484,52.28411865234375,33.00810241699219,19.266347885131836,20.643999099731445
2007-09-01,77.72000122070312,48.570343017578125,73.51000213623047,47.16999816894531,54.997066497802734,44.36156463623047,62.090633392333984,109.10819244384766,52.39382553100586,33.948760986328125,19.591737747192383,21.285778045654297
2007-10-01,76.4800033569336,50.63453674316406,78.62000274658203,50.0,55.60464859008789,47.50993728637695,62.39480209350586,111.11308288574219,53.355194091796875,35.021121978759766,19.39739990234375,22.86321449279785
2007-11-01,76.1500015258789,48.7996826171875,77.31999969482422,49.77000045776367,57.865699768066406,44.29829788208008,63.508949279785156,106.80934143066406,56.18276596069336,31.704301834106445,17.82744026184082,23.014022827148438
2007-12-01,76.69999694824219,46.165061950683594,82.45999908447266,52.7400016784668,57.69195556640625,44.22059631347656,63.506874084472656,105.04907989501953,55.628623962402344,29.501062393188477,16.637025833129883,22.7985782623291
2008-01-01,75.18000030517578,43.62962341308594,91.4000015258789,52.5,60.04899215698242,39.00339889526367,64.99536895751953,99.22148895263672,57.2508430480957,29.753952026367188,16.910457611083984,21.284528732299805
2008-02-01,73.70999908447266,43.183311462402344,96.18000030517578,58.40999984741211,60.60321807861328,37.119354248046875,65.49331665039062,96.6573715209961,56.79280471801758,28.80735206604004,14.989605903625488,20.41078758239746
2008-03-01,71.80000305175781,43.36424255371094,90.41000366210938,57.86000061035156,61.416080474853516,37.78484344482422,65.70594024658203,95.32113647460938,57.99420928955078,30.44192123413086,14.432499885559082,20.58987808227539
2008-04-01,72.51000213623047,45.72244644165039,86.6500015258789,62.599998474121094,59.91299057006836,40.832950592041016,65.14572143554688,100.35875701904297,56.52158737182617,32.632469177246094,15.56679630279541,21.798870086669922
2008-05-01,72.87999725341797,46.26525115966797,87.44999694824219,67.9000015258789,58.86292266845703,43.25472640991211,64.92960357666016,101.87580108642578,55.03669357299805,32.56362533569336,14.484545707702637,22.58051872253418
2008-06-01,72.45999908447266,41.41617965698242,91.4000015258789,74.91000366210938,59.51503372192383,39.06849670410156,65.04035186767578,92.8968276977539,56.49634552001953,28.723651885986328,11.852055549621582,22.247085571289062
2008-07-01,73.2300033569336,40.79887771606445,90.08000183105469,64.93000030517578,59.95579528808594,39.34674835205078,65.32603454589844,92.52254486083984,56.29031753540039,30.013662338256836,12.765625953674316,20.969263076782227
2008-08-01,77.37999725341797,39.06589889526367,81.70999908447266,60.06999969482422,60.86355209350586,39.91798400878906,65.59368896484375,93.95233917236328,57.83077621459961,30.72613525390625,12.641692161560059,20.73797607421875
2008-09-01,79.44999694824219,34.59823989868164,85.06999969482422,53.79999923706055,60.786739349365234,33.677581787109375,66.12895202636719,84.6147689819336,58.6841926574707,30.292682647705078,11.738712310791016,18.298542022705078
2008-10-01,85.62999725341797,27.38976287841797,71.33999633789062,37.84000015258789,60.254478454589844,28.486303329467773,66.82430267333984,71.04639434814453,57.62504959106445,20.95171546936035,9.253386497497559,16.060518264770508
2008-11-01,86.5199966430664,25.64447784423828,80.30999755859375,32.209999084472656,64.91266632080078,25.2210750579834,67.52680206298828,66.10110473632812,65.82776641845703,16.192026138305664,7.543325424194336,16.732715606689453
2008-12-01,81.30999755859375,27.567975997924805,86.5199966430664,28.610000610351562,68.02897644042969,25.758052825927734,67.67813110351562,66.211181640625,74.61211395263672,18.39772605895996,7.459904670715332,16.12718391418457
2009-01-01,86.0,24.08504867553711,91.30999755859375,25.649999618530273,65.84606170654297,25.20563507080078,67.87381744384766,61.26761245727539,65.29625701904297,15.584897994995117,5.587754726409912,16.302839279174805
2009-02-01,88.01000213623047,21.58319091796875,92.62999725341797,24.079999923706055,65.17855834960938,23.878578186035156,67.66448974609375,54.68448257446289,64.11934661865234,12.386001586914062,4.595987319946289,14.260764122009277
2009-03-01,85.43000030517578,23.394237518310547,90.27999877929688,25.18000030517578,67.3493881225586,26.298524856567383,68.00927734375,58.81925964355469,66.71308135986328,12.588203430175781,5.3277177810668945,14.373271942138672
2009-04-01,84.61000061035156,26.089021682739258,87.2699966430664,24.790000915527344,65.4865951538086,29.782451629638672,67.88770294189453,65.12557220458984,62.06961441040039,16.775903701782227,6.553895950317383,14.702683448791504
2009-05-01,80.43000030517578,29.530641555786133,96.19999694824219,30.1200008392334,64.1177749633789,30.738149642944336,67.90428924560547,68.93240356445312,59.76588821411133,17.214738845825195,7.47009801864624,15.2259521484375
2009-06-01,80.12999725341797,28.50996971130371,91.18000030517578,30.049999237060547,63.761470794677734,31.606935501098633,67.86927032470703,68.50028991699219,60.20212936401367,16.395238876342773,7.299072265625,15.862975120544434
2009-07-01,78.3499984741211,32.03939437866211,93.3499984741211,30.270000457763672,64.30437469482422,34.31631088256836,67.95905303955078,74.02664184570312,60.550968170166016,18.459247589111328,7.9875030517578125,16.647855758666992
2009-08-01,78.16999816894531,33.482154846191406,93.4000015258789,30.399999618530273,64.78770446777344,34.82084274291992,68.2371826171875,76.76113891601562,61.892486572265625,21.103187561035156,9.025080680847168,16.814672470092773
2009-09-01,76.6500015258789,34.75331115722656,98.8499984741211,29.68000030517578,65.52204895019531,36.751953125,68.40191650390625,79.10608673095703,63.425079345703125,22.27469825744629,9.17242431640625,16.872201919555664
2009-10-01,76.30000305175781,33.876216888427734,102.52999877929688,31.110000610351562,65.43612670898438,35.66429138183594,68.4981460571289,77.95478057861328,61.769954681396484,21.490495681762695,8.652746200561523,16.500057220458984
2009-11-01,74.87999725341797,35.20457077026367,115.63999938964844,31.510000228881836,66.37905883789062,37.92815017700195,68.83615112304688,82.75733184814453,62.51264953613281,22.901493072509766,9.02841567993164,17.296293258666992
2009-12-01,77.86000061035156,35.13465881347656,107.30999755859375,31.81999969482422,63.731197357177734,39.834999084472656,67.87138366699219,83.88645935058594,58.339927673339844,24.279922485351562,8.86829662322998,18.02859878540039
2010-01-01,79.45999908447266,33.658592224121094,105.95999908447266,29.239999771118164,65.50891876220703,37.319862365722656,68.95638275146484,81.27301788330078,60.31585693359375,23.235437393188477,8.765223503112793,17.366369247436523
2010-02-01,80.36000061035156,33.74837875366211,109.43000030517578,30.969999313354492,65.50891876220703,39.038021087646484,68.99761962890625,83.80836486816406,59.89768981933594,24.532716751098633,9.074296951293945,17.137022018432617
2010-03-01,81.06999969482422,35.90335464477539,108.94999694824219,31.15999984741211,64.856689453125,42.00337600708008,68.81936645507812,88.54589080810547,58.68645477294922,26.830419540405273,9.859335899353027,17.442829132080078
2010-04-01,81.87000274658203,34.89640808105469,115.36000061035156,32.13999938964844,65.9181137084961,42.99114990234375,69.02154541015625,90.28599548339844,60.60271453857422,28.96461296081543,10.011910438537598,18.060894012451172
2010-05-01,86.58999633789062,30.990535736083984,118.87999725341797,27.770000457763672,67.84075164794922,39.81309127807617,69.3359603881836,83.11235809326172,63.713558197021484,27.419475555419922,9.094977378845215,17.064109802246094
2010-06-01,86.0199966430664,29.82966423034668,121.68000030517578,27.790000915527344,69.92390441894531,37.28984069824219,69.63251495361328,78.43883514404297,67.41405487060547,25.746946334838867,8.555970191955566,16.76744842529297
2010-07-01,81.54000091552734,33.875457763671875,115.48999786376953,29.389999389648438,70.57416534423828,40.151039123535156,69.76611328125,84.1949462890625,66.79829406738281,28.483654022216797,9.132719039916992,18.20943832397461
2010-08-01,83.19999694824219,32.58987808227539,122.08000183105469,27.780000686645508,72.94001007080078,38.09132385253906,69.93449401855469,80.4078369140625,72.39033508300781,28.120281219482422,8.418740272521973,18.473249435424805
2010-09-01,78.72000122070312,35.839725494384766,127.91000366210938,30.010000228881836,72.94799041748047,43.00832748413086,70.0184326171875,87.1421890258789,70.58413696289062,29.115385055541992,8.909214973449707,18.815017700195312
2010-10-01,77.2699966430664,37.20362091064453,132.6199951171875,30.8799991607666,72.95267486572266,45.84124755859375,70.17626953125,90.95555114746094,67.37886810302734,30.770742416381836,9.059903144836426,19.213970184326172
2010-11-01,81.19999694824219,35.40902328491211,135.4199981689453,31.260000228881836,72.29557800292969,45.76218032836914,70.0308609008789,90.95555114746094,66.27648162841797,30.201019287109375,8.9976806640625,18.632463455200195
2010-12-01,79.02999877929688,37.99323654174805,138.72000122070312,34.099998474121094,69.62570190429688,47.844268798828125,69.86178588867188,96.52851867675781,63.589202880859375,31.233274459838867,9.924826622009277,18.98379135131836
2011-01-01,77.73999786376953,39.15446472167969,129.8699951171875,35.15999984741211,69.966796875,49.29472351074219,70.06330108642578,99.29711151123047,62.05549240112305,32.60185623168945,10.241838455200195,19.443998336791992
2011-02-01,76.88999938964844,40.54437255859375,137.66000366210938,36.09000015258789,69.64605712890625,50.852806091308594,69.9216537475586,102.74642944335938,62.85819625854492,34.135841369628906,10.522865295410156,19.683063507080078
2011-03-01,75.86000061035156,39.576053619384766,139.86000061035156,37.349998474121094,69.55176544189453,50.553504943847656,69.83650207519531,102.31429290771484,62.89512252807617,33.34318923950195,10.235593795776367,19.535951614379883
2011-04-01,72.93000030517578,41.80253601074219,152.3699951171875,38.939998626708984,70.80735778808594,52.07933807373047,70.20442199707031,105.73482513427734,64.30328369140625,35.51606369018555,10.256119728088379,20.52714729309082
2011-05-01,74.63999938964844,40.880332946777344,149.63999938964844,36.27000045776367,72.58988189697266,51.44464874267578,70.46105194091797,104.54902648925781,66.49958038330078,36.004329681396484,9.918004035949707,20.966651916503906
2011-06-01,74.30000305175781,39.61557388305664,146.0,34.11000061035156,72.22549438476562,50.289886474609375,70.4578857421875,102.27825927734375,64.99520874023438,34.52232360839844,9.611200332641602,20.725231170654297
2011-07-01,73.9000015258789,39.42509078979492,158.2899932861328,35.189998626708984,74.52339935302734,51.241943359375,70.66362762451172,100.72917938232422,67.88079071044922,35.36097717285156,9.300106048583984,20.742637634277344
2011-08-01,74.12999725341797,35.97346496582031,177.72000122070312,34.59000015258789,77.98958587646484,48.6445198059082,70.90729522705078,95.1915054321289,74.44930267333984,33.373958587646484,8.407794952392578,21.192886352539062
2011-09-01,78.55000305175781,32.08535385131836,158.05999755859375,30.190000534057617,79.74930572509766,46.37397003173828,70.84123992919922,88.1273193359375,84.30741119384766,29.469425201416016,7.421233177185059,21.024045944213867
2011-10-01,76.16999816894531,35.174346923828125,167.33999633789062,33.290000915527344,78.74036407470703,51.2927360534668,70.86964416503906,98.25186157226562,81.11773681640625,34.00804138183594,8.516162872314453,22.015708923339844
2011-11-01,78.38999938964844,34.40882110595703,170.1300048828125,33.790000915527344,79.19605255126953,49.911949157714844,70.90233612060547,97.85258483886719,82.7273178100586,32.71533203125,8.080890655517578,22.243122100830078
2011-12-01,80.16999816894531,33.2605094909668,151.99000549316406,32.97999954223633,80.6318130493164,49.416282653808594,70.90907287597656,98.25186157226562,85.31249237060547,33.926151275634766,8.200743675231934,22.729562759399414
2012-01-01,79.27999877929688,35.43418884277344,169.30999755859375,33.77000045776367,81.63126373291016,53.78136444091797,71.03840637207031,103.46026611328125,85.51555633544922,36.49039840698242,8.92623519897461,22.153697967529297
2012-02-01,78.7300033569336,37.14677810668945,164.2899932861328,35.869998931884766,80.58861541748047,57.228782653808594,70.91238403320312,107.95099639892578,83.09545135498047,36.07048416137695,9.370645523071289,22.287837982177734
2012-03-01,78.93000030517578,37.30308151245117,162.1199951171875,34.779998779296875,79.32030487060547,60.01868438720703,70.8543930053711,110.93692016601562,79.58500671386719,37.64365768432617,10.030904769897461,22.3836669921875
2012-04-01,78.79000091552734,36.52833938598633,161.8800048828125,34.65999984741211,81.302734375,59.41746139526367,71.00143432617188,110.67927551269531,83.40628051757812,39.03123474121094,9.827281951904297,22.99045181274414
2012-05-01,83.04000091552734,32.457557678222656,151.6199951171875,30.229999542236328,83.64612579345703,55.23439407348633,71.04352569580078,104.0323715209961,90.94972229003906,37.27252197265625,8.92288875579834,23.119396209716797
2012-06-01,81.6500015258789,33.952667236328125,155.19000244140625,30.440000534057617,83.30079650878906,57.103424072265625,70.97455596923828,107.69606018066406,89.45482635498047,39.00738525390625,9.324130058288574,23.847923278808594
2012-07-01,82.63999938964844,34.77145767211914,156.49000549316406,32.22999954223633,84.47581481933594,57.805599212646484,71.13270568847656,109.53472137451172,92.86143493652344,40.116302490234375,9.381767272949219,24.675024032592773
2012-08-01,81.25,35.88414764404297,164.22000122070312,34.540000915527344,84.37667083740234,60.802921295166016,71.13782501220703,112.27888488769531,91.6407470703125,40.110286712646484,9.701745986938477,23.653404235839844
2012-09-01,79.94000244140625,36.857749938964844,171.88999938964844,33.79999923706055,84.09103393554688,61.16866683959961,71.15130615234375,114.51387023925781,89.31745910644531,39.052391052246094,9.976927757263184,23.67943572998047
2012-10-01,79.91999816894531,37.2611083984375,166.8300018310547,32.439998626708984,83.76517486572266,58.104644775390625,71.10409545898438,113.0301284790039,88.88838958740234,39.00550079345703,10.21759033203125,24.265356063842773
2012-11-01,80.1500015258789,38.29729080200195,166.0500030517578,32.959999084472656,84.5816650390625,58.865047454833984,71.13949584960938,113.66985321044922,90.107421875,38.90249252319336,10.1276273727417,23.22635269165039
2012-12-01,79.7699966430664,39.54210662841797,162.02000427246094,32.790000915527344,83.67570495605469,58.26567840576172,71.12259674072266,113.87774658203125,87.50074005126953,39.86582565307617,10.53247356414795,22.963314056396484
2013-01-01,79.20999908447266,41.465614318847656,161.1999969482422,34.290000915527344,82.81409454345703,60.15547180175781,71.1656494140625,120.55620574951172,85.06698608398438,41.859291076660156,11.238656044006348,24.326425552368164
2013-02-01,81.9800033569336,40.93128967285156,153.0,32.540000915527344,83.64142608642578,60.362369537353516,71.19092559814453,122.09435272216797,85.92986297607422,42.36827850341797,11.374448776245117,24.891691207885742
2013-03-01,82.98999786376953,41.465614318847656,154.4499969482422,32.900001525878906,83.89260864257812,62.04459762573242,71.21705627441406,126.16923522949219,85.57568359375,43.251338958740234,11.775367736816406,26.002281188964844
2013-04-01,81.7300033569336,43.546630859375,142.77000427246094,31.290000915527344,85.15812683105469,63.76613998413086,71.26598358154297,129.16517639160156,89.58284759521484,46.520503997802734,12.132994651794434,27.79107666015625
2013-05-01,83.37999725341797,42.23193359375,133.9199981689453,30.809999465942383,82.52303314208984,66.0473403930664,71.17149353027344,132.21473693847656,83.52977752685547,43.739654541015625,12.872651100158691,25.27557373046875
2013-06-01,83.16999816894531,40.28449630737305,119.11000061035156,30.799999237060547,80.41316223144531,64.26203155517578,71.10147094726562,129.7638702392578,80.7745590209961,42.46663284301758,12.619616508483887,25.242036819458008
2013-07-01,81.44999694824219,43.28872299194336,127.95999908447266,32.540000915527344,80.12898254394531,68.53571319580078,71.21703338623047,137.1917266845703,78.96029663085938,43.259578704833984,13.34797477722168,26.60630226135254
2013-08-01,82.08999633789062,42.442325592041016,134.6199951171875,33.54999923706055,78.98703002929688,68.26433563232422,71.14704132080078,133.07699584960938,77.88433074951172,40.240020751953125,12.663966178894043,25.278043746948242
2013-09-01,80.22000122070312,45.76340103149414,128.17999267578125,32.380001068115234,80.43547058105469,71.34874725341797,71.30570220947266,136.62245178222656,78.38208770751953,41.26318359375,12.970141410827637,25.325471878051758
2013-10-01,80.19999694824219,47.255374908447266,127.73999786376953,31.90999984741211,81.06155395507812,75.11028289794922,71.354736328125,143.64576721191406,79.50484466552734,43.52359390258789,13.4529390335083,26.532758712768555
2013-11-01,80.68000030517578,47.51359558105469,120.69999694824219,31.760000228881836,80.3456802368164,77.77761840820312,71.42060089111328,147.90309143066406,77.35073852539062,41.238182067871094,14.048083305358887,26.019617080688477
2013-12-01,80.04000091552734,48.130470275878906,116.12000274658203,32.189998626708984,78.532958984375,79.80072784423828,71.27613067626953,150.91836547851562,75.63508605957031,40.646366119384766,14.29660415649414,25.978578567504883
2014-01-01,81.2699966430664,46.02251434326172,120.08999633789062,31.479999542236328,81.20299530029297,78.51611328125,71.45355224609375,146.38919067382812,80.90512084960938,43.04496765136719,13.838168144226074,27.038084030151367
2014-02-01,79.77999877929688,48.844215393066406,127.62000274658203,32.9900016784668,81.35383605957031,82.22029876708984,71.4620361328125,153.05223083496094,81.12179565429688,45.22533416748047,14.258698463439941,27.971616744995117
2014-03-01,80.0999984741211,48.61991882324219,123.61000061035156,32.970001220703125,80.90471649169922,80.12149047851562,71.38847351074219,153.64382934570312,81.72616577148438,45.15501022338867,14.679228782653809,28.67005157470703
2014-04-01,79.48999786376953,49.43024826049805,124.22000122070312,33.29999923706055,81.49803161621094,80.04825592041016,71.46290588378906,155.3946990966797,83.42642974853516,46.94316482543945,14.483016967773438,30.12915802001953
2014-05-01,80.37000274658203,50.2188835144043,120.43000030517578,33.130001068115234,82.98328399658203,83.638916015625,71.59056854248047,159.0008087158203,85.89954376220703,48.0694580078125,14.700658798217773,29.801456451416016
2014-06-01,79.77999877929688,49.46643829345703,128.0399932861328,33.91999816894531,82.82110595703125,86.02046966552734,71.53221893310547,161.50942993164062,85.67041015625,48.16598892211914,14.997438430786133,30.86128807067871
2014-07-01,81.45999908447266,49.361785888671875,123.38999938964844,32.0,82.62434387207031,87.27108764648438,71.47557067871094,160.1026611328125,86.23975372314453,48.65360641479492,14.83829116821289,29.008459091186523
2014-08-01,82.75,49.45075607299805,123.86000061035156,31.5,84.17396545410156,91.64292907714844,71.6067123413086,166.4209442138672,90.30813598632812,50.134639739990234,15.46731185913086,30.436038970947266
2014-09-01,85.94000244140625,47.53083038330078,116.20999908447266,29.59000015258789,83.30517578125,90.7336654663086,71.55340576171875,163.3612823486328,88.43202209472656,46.67237091064453,15.341513633728027,29.599180221557617
2014-10-01,86.87999725341797,47.40481185913086,112.66000366210938,27.829999923706055,84.57662963867188,93.3523941040039,71.73799896240234,167.9901885986328,90.9054946899414,51.78734588623047,15.850381851196289,32.264312744140625
2014-11-01,88.36000061035156,47.4344596862793,112.11000061035156,25.020000457763672,85.67511749267578,97.59654235839844,71.8143539428711,172.60520935058594,93.6080093383789,52.823219299316406,16.222694396972656,32.640403747558594
2014-12-01,90.2699966430664,45.09943771362305,113.58000183105469,21.579999923706055,85.66141510009766,95.05557250976562,71.57617950439453,171.22238159179688,96.46387481689453,53.105140686035156,16.44210433959961,33.50607681274414
2015-01-01,94.80000305175781,45.8249626159668,123.44999694824219,19.700000762939453,89.63127899169922,93.42300415039062,72.07820129394531,167.066162109375,106.39738464355469,57.517215728759766,15.376691818237305,34.59223175048828
2015-02-01,95.25,48.729248046875,116.16000366210938,20.8700008392334,87.27192687988281,100.1686782836914,71.84071350097656,176.45608520507812,99.66485595703125,55.40394592285156,16.272165298461914,32.38010025024414
2015-03-01,98.36000061035156,48.033111572265625,113.66000366210938,19.5,88.02494049072266,97.58129119873047,72.0213623046875,172.91290283203125,100.76068878173828,56.02862548828125,16.111778259277344,31.807390213012695
2015-04-01,94.5999984741211,49.78467559814453,113.47000122070312,21.6299991607666,87.464599609375,99.68590545654297,72.03929901123047,175.39266967773438,97.29546356201172,53.06764221191406,16.185340881347656,31.90630531311035
2015-05-01,96.91000366210938,49.881980895996094,114.0999984741211,21.15999984741211,87.10912322998047,101.9272689819336,72.0706558227539,177.64761352539062,94.99100494384766,52.90720748901367,16.50059700012207,32.10832977294922
2015-06-01,95.48999786376953,47.52412796020508,112.37000274658203,21.110000610351562,85.68289184570312,99.16720581054688,72.09190368652344,173.1967315673828,91.11357116699219,49.9322624206543,16.35301971435547,29.91484832763672
2015-07-01,97.37000274658203,49.30845260620117,104.93000030517578,18.1200008392334,86.9871826171875,103.9255142211914,72.12335205078125,177.9706573486328,95.2513198852539,53.347633361816406,16.98368263244629,32.02904510498047
2015-08-01,95.94999694824219,45.647247314453125,108.81999969482422,18.170000076293945,87.05606842041016,96.8331527709961,72.08763885498047,167.123291015625,94.5962142944336,49.99147033691406,15.784514427185059,30.915048599243164
2015-09-01,96.3499984741211,43.63014602661133,106.86000061035156,17.079999923706055,88.42833709716797,94.46593475341797,72.29853057861328,162.0166778564453,96.45801544189453,51.01114273071289,15.265776634216309,31.519380569458008
2015-10-01,96.94999694824219,46.514976501464844,109.30000305175781,17.06999969482422,87.86942291259766,105.46256256103516,72.19657897949219,176.71168518066406,96.07273864746094,54.48794174194336,16.30174446105957,32.15507888793945
2015-11-01,100.16999816894531,46.16484069824219,101.91999816894531,15.510000228881836,87.49345397949219,106.1046371459961,72.00914764404297,177.35760498046875,95.22938537597656,54.146907806396484,16.6267032623291,31.4715576171875
2015-12-01,98.62999725341797,44.695770263671875,101.45999908447266,14.229999542236328,86.95980834960938,104.0946273803711,71.86505889892578,173.26132202148438,94.75328063964844,54.378822326660156,16.132505416870117,31.80963706970215
2016-01-01,99.61000061035156,42.60047912597656,106.94999694824219,13.479999542236328,90.13785552978516,97.19717407226562,72.4056167602539,165.61497497558594,100.45625305175781,53.24346160888672,14.796195983886719,33.72758483886719
2016-02-01,98.20999908447266,41.17994689941406,118.63999938964844,13.199999809265137,91.3439712524414,95.6756820678711,72.44818878173828,165.47816467285156,103.36023712158203,53.04981994628906,14.367027282714844,34.381046295166016
2016-03-01,94.58999633789062,43.890472412109375,117.63999938964844,13.789999961853027,91.2870101928711,101.9295883178711,72.54635620117188,175.70301818847656,103.26378631591797,57.9530029296875,15.327555656433105,36.84639358520508
2016-04-01,93.08000183105469,44.86564636230469,123.6500015258789,15.220000267028809,91.1351089477539,98.97404479980469,72.56940460205078,177.30531311035156,102.48534393310547,57.22405242919922,15.949830055236816,36.22566604614258
2016-05-01,95.88999938964844,44.827247619628906,116.05999755859375,15.420000076293945,91.05001831054688,103.29924011230469,72.48486328125,180.32154846191406,103.31682586669922,58.51078796386719,16.250904083251953,36.77180099487305
2016-06-01,96.13999938964844,42.86154556274414,126.47000122070312,15.520000457763672,93.85928344726562,100.67789459228516,72.91976165771484,180.01220703125,110.47628021240234,62.00730895996094,15.641915321350098,39.255680084228516
2016-07-01,95.52999877929688,45.48237609863281,128.97999572753906,13.960000038146973,94.09873962402344,108.16454315185547,72.8866958618164,187.54779052734375,112.82337951660156,65.2318115234375,16.268993377685547,39.31278610229492
2016-08-01,96.0199966430664,45.725311279296875,124.77999877929688,14.239999771118164,93.14716339111328,109.30033874511719,72.71551513671875,187.77232360839844,111.6814956665039,62.776336669921875,16.895000457763672,37.1329460144043
2016-09-01,95.45999908447266,46.336544036865234,125.63999938964844,14.819999694824219,93.36930847167969,111.44054412841797,72.81037902832031,186.83938598632812,109.99765014648438,61.202880859375,16.34349822998047,36.95192337036133
2016-10-01,98.44999694824219,45.30997848510742,121.94000244140625,14.5600004196167,91.97799682617188,110.09175872802734,72.77616882324219,184.52764892578125,105.18109130859375,58.08781051635742,16.796016693115234,37.60172653198242
2016-11-01,101.5,44.50283432006836,111.75,14.920000076293945,88.08466339111328,110.57168579101562,72.4323501586914,191.32533264160156,96.53126525878906,57.114463806152344,19.152904510498047,35.56303024291992
2016-12-01,102.38999938964844,45.23944091796875,109.61000061035156,15.670000076293945,87.83939361572266,111.49391174316406,72.43297576904297,194.06005859375,95.82270812988281,58.6348762512207,19.782541275024414,36.9475212097168
2017-01-01,99.51000213623047,47.21149444580078,115.55000305175781,15.430000305175781,88.29692840576172,117.57146453857422,72.60560607910156,198.69691467285156,97.05198669433594,59.749671936035156,19.923654556274414,37.773719787597656
2017-02-01,101.12000274658203,47.77363967895508,119.2300033569336,15.449999809265137,88.80122375488281,122.71529388427734,72.58845520019531,206.5040740966797,98.37725067138672,61.84601974487305,20.974966049194336,39.763031005859375
2017-03-01,100.3499984741211,49.317535400390625,118.72000122070312,14.819999694824219,88.88529968261719,124.94270324707031,72.63223266601562,205.86660766601562,97.75569152832031,59.909263610839844,20.282644271850586,39.40970993041992
2017-04-01,99.05000305175781,50.5130615234375,120.7699966430664,14.430000305175781,89.85883331298828,128.61680603027344,72.76466369628906,208.81451416015625,99.2746810913086,60.49322509765625,20.18337059020996,40.01103973388672
2017-05-01,96.91999816894531,52.302398681640625,120.62000274658203,14.260000228881836,90.60223388671875,133.62945556640625,72.81465148925781,211.7615203857422,101.1517562866211,60.05481719970703,19.943193435668945,41.667198181152344
2017-06-01,95.66000366210938,51.621490478515625,118.0199966430664,14.020000457763672,90.1380844116211,130.1773681640625,72.75607299804688,212.0772247314453,101.94972229003906,60.81473159790039,21.161237716674805,40.21224594116211
2017-07-01,92.86000061035156,53.8491096496582,120.75,14.609999656677246,90.47933959960938,135.83335876464844,72.88873291015625,217.4917755126953,101.28382110595703,62.15541076660156,21.60380744934082,41.52152633666992
2017-08-01,92.66999816894531,53.82497787475586,125.81999969482422,14.460000038146973,91.79319763183594,138.64993286132812,73.0328140258789,218.12637329101562,104.72509765625,61.99311447143555,21.267995834350586,42.886863708496094
2017-09-01,93.08000183105469,55.096187591552734,121.58000183105469,14.899999618530273,90.47434997558594,137.9386444091797,72.89561462402344,221.42262268066406,102.30406951904297,61.292327880859375,22.266817092895508,41.3889045715332
2017-10-01,94.55000305175781,56.021427154541016,120.66999816894531,15.479999542236328,90.3036880493164,144.60848999023438,72.82807159423828,227.76504516601562,102.26821899414062,61.25913619995117,22.99951934814453,43.331886291503906
2017-11-01,93.01000213623047,56.40760803222656,121.0999984741211,15.680000305175781,90.04681396484375,147.4597930908203,72.6662826538086,234.72689819335938,103.01861572265625,62.891231536865234,23.79498863220215,44.495365142822266
2017-12-01,92.12000274658203,56.56852340698242,123.6500015258789,16.280000686645508,90.0752182006836,148.03955078125,72.56912231445312,236.36546325683594,104.67247772216797,61.840431213378906,24.13219451904297,41.4137077331543
2018-01-01,89.12999725341797,60.03868865966797,127.6500015258789,16.889999389648438,88.40998077392578,161.34017944335938,72.51069641113281,250.96307373046875,101.68621826171875,60.127037048339844,25.83391761779785,40.498470306396484
2018-02-01,90.61000061035156,57.13594055175781,125.0,16.270000457763672,87.4428482055664,159.25440979003906,72.3633041381836,241.83795166015625,98.38862609863281,55.5106086730957,25.078182220458984,38.927406311035156
2018-03-01,89.97000122070312,56.65622329711914,125.79000091552734,16.649999618530273,88.45967864990234,152.51126098632812,72.54198455810547,234.27078247070312,101.20880889892578,57.11501693725586,23.94892692565918,40.09381103515625
2018-04-01,91.83999633789062,57.51809310913086,124.58999633789062,17.420000076293945,87.31829833984375,153.53143310546875,72.36479187011719,236.4246368408203,99.08350372314453,58.14417266845703,23.931488037109375,41.228912353515625
2018-05-01,93.98999786376953,56.428565979003906,123.0999984741211,17.690000534057617,88.16327667236328,162.24111938476562,72.61157989501953,242.171875,101.06275177001953,60.28378677368164,23.696096420288086,40.773128509521484
2018-06-01,94.62999725341797,54.4527473449707,118.6500015258789,17.90999984741211,88.32914733886719,163.7483367919922,72.62310028076172,242.4757843017578,101.70330810546875,62.24002456665039,23.18172264099121,41.54876708984375
2018-07-01,94.48999786376953,57.1185302734375,115.98999786376953,17.260000228881836,87.87326049804688,168.68771362304688,72.57593536376953,252.58790588378906,100.24785614013672,63.194942474365234,24.47295379638672,42.590049743652344
2018-08-01,95.13999938964844,55.84149169921875,113.51000213623047,17.440000534057617,88.75437927246094,178.43893432617188,72.82028198242188,260.6504211425781,101.56610107421875,64.82222747802734,24.80567741394043,43.13865661621094
2018-09-01,95.19000244140625,56.380496978759766,112.76000213623047,18.110000610351562,87.68113708496094,177.6168212890625,72.72248840332031,261.0185241699219,98.65525817871094,62.22319030761719,24.14898109436035,42.47710037231445
2018-10-01,97.12999725341797,51.794761657714844,115.1500015258789,16.989999771118164,87.41463470458984,162.64157104492188,72.82827758789062,244.0808563232422,95.7662353515625,61.24952697753906,23.112789154052734,43.70556640625
2018-11-01,97.2699966430664,52.05183410644531,115.54000091552734,15.109999656677246,88.56582641601562,162.21051025390625,73.0977783203125,248.60848999023438,97.45870208740234,64.11180877685547,23.71963119506836,45.252235412597656
2018-12-01,96.16999816894531,48.743141174316406,121.25,14.020000457763672,90.86661529541016,147.73924255371094,73.55194091796875,225.4026336669922,102.93023681640625,58.31684875488281,20.949264526367188,43.07876205444336
2019-01-01,95.58000183105469,52.5360221862793,124.75,15.1899995803833,91.84069061279297,161.51246643066406,73.96817779541016,244.87127685546875,103.8053207397461,66.00953674316406,22.956012725830078,44.95520782470703
2019-02-01,96.16000366210938,53.868690490722656,123.98999786376953,15.720000267028809,91.16641235351562,166.34359741210938,73.89762115478516,252.80897521972656,102.14570617675781,66.46855926513672,23.469297409057617,46.802337646484375
2019-03-01,97.27999877929688,54.363216400146484,122.01000213623047,15.949999809265137,93.6044921875,172.557861328125,74.35887145996094,256.2562561035156,107.85273742675781,68.77940368652344,22.75247573852539,47.75464630126953
2019-04-01,97.4800033569336,55.955718994140625,121.19999694824219,16.389999389648438,93.10678100585938,182.37860107421875,74.48705291748047,267.8997497558594,105.69572448730469,69.15959167480469,24.92332649230957,48.555397033691406
2019-05-01,97.75,53.139495849609375,123.33000183105469,15.010000228881836,95.94923400878906,167.37765502929688,75.03179168701172,250.81544494628906,112.93626403808594,69.2552261352539,23.135465621948242,48.17498016357422
2019-06-01,96.12999725341797,55.09242248535156,133.1999969482422,15.649999618530273,97.12157440185547,179.68438720703125,75.3667984008789,266.9704284667969,114.01465606689453,69.66173553466797,24.549745559692383,49.316287994384766
2019-07-01,98.5199966430664,55.18492126464844,133.2100067138672,15.579999923706055,97.17926025390625,184.2862091064453,75.33069610595703,272.324951171875,114.31745910644531,71.53067016601562,25.255943298339844,49.64327621459961
2019-08-01,98.91999816894531,54.12317657470703,143.75,14.819999694824219,101.01729583740234,180.78564453125,75.92469024658203,267.7652587890625,126.9448013305664,74.21037292480469,24.066898345947266,52.16920852661133
2019-09-01,99.37999725341797,55.835670471191406,138.8699951171875,15.050000190734863,99.82908630371094,182.07785034179688,75.82713317871094,271.720703125,123.57022857666016,75.03921508789062,25.032434463500977,53.969871520996094
2019-10-01,97.3499984741211,57.727962493896484,142.42999267578125,15.170000076293945,100.03129577636719,190.43624877929688,76.07389068603516,279.0094299316406,122.1968994140625,76.49217987060547,25.789052963256836,53.97562026977539
2019-11-01,98.2699966430664,58.37871551513672,137.86000061035156,15.229999542236328,99.34656524658203,198.1859130859375,76.03374481201172,289.1091003417969,121.70008087158203,75.49444580078125,27.091983795166016,52.9675178527832
2019-12-01,96.38999938964844,59.45756912231445,142.89999389648438,16.209999084472656,98.29124450683594,205.4427490234375,76.033447265625,296.0537414550781,117.62348175048828,75.26731872558594,27.658090591430664,54.28644561767578
2020-01-01,97.38999938964844,58.43024444580078,149.3300018310547,14.489999771118164,101.98809051513672,212.14389038085938,76.71892547607422,297.3891296386719,127.0909194946289,77.00963592529297,27.058305740356445,58.401817321777344
2020-02-01,98.12999725341797,53.892974853515625,148.3800048828125,13.359999656677246,104.86776733398438,199.29339599609375,77.26871490478516,273.8460693359375,135.2877655029297,71.59854888916016,24.014699935913086,52.64460754394531
2020-03-01,99.05000305175781,46.29046630859375,148.0500030517578,9.300000190734863,108.78777313232422,184.38031005859375,78.24002075195312,238.24966430664062,143.94119262695312,57.26736831665039,18.803539276123047,46.912784576416016
2020-04-01,99.0199966430664,48.98337936401367,158.8000030517578,8.479999542236328,109.0881576538086,212.44070434570312,78.47183227539062,270.0823059082031,145.70037841796875,62.88667297363281,20.757274627685547,48.964439392089844
2020-05-01,98.33999633789062,51.64166259765625,162.91000366210938,9.819999694824219,109.45997619628906,226.46368408203125,78.44119262695312,282.950439453125,143.1543731689453,63.97734451293945,21.32196807861328,51.042388916015625
2020-06-01,97.38999938964844,52.70671081542969,167.3699951171875,10.369999885559082,109.5123519897461,240.2828826904297,78.46101379394531,286.7066955566406,143.6379852294922,64.88621520996094,21.0760498046875,48.254676818847656
2020-07-01,93.48999786376953,54.49115753173828,185.42999267578125,10.75,110.4586181640625,258.38385009765625,78.54255676269531,304.927490234375,150.0254669189453,67.91525268554688,22.026290893554688,52.45151901245117
2020-08-01,92.13999938964844,57.06423568725586,184.8300018310547,11.25,109.39695739746094,286.6632995605469,78.53440856933594,326.21044921875,142.46290588378906,68.21563720703125,22.970396041870117,51.08913040161133
2020-09-01,93.88999938964844,55.8962516784668,177.1199951171875,10.75,109.76544189453125,270.0980529785156,78.53437805175781,312.7440185546875,143.56224060058594,65.88754272460938,22.06294822692871,51.20123291015625
2020-10-01,94.04000091552734,53.911556243896484,176.1999969482422,10.380000114440918,108.25798797607422,261.8739013671875,78.50617980957031,306.1668701171875,138.71533203125,64.40522766113281,21.99074935913086,54.2506103515625
2020-11-01,91.87000274658203,61.60442352294922,166.6699981689453,11.649999618530273,108.6259994506836,291.2711486816406,78.52435302734375,339.47076416015625,141.01809692382812,70.6363525390625,25.69581413269043,54.650672912597656
2020-12-01,89.94000244140625,64.07211303710938,178.36000061035156,12.329999923706055,108.29756164550781,304.9977111816406,78.53253173828125,350.55322265625,139.14926147460938,71.41839599609375,27.17046546936035,54.52891159057617
2021-01-01,90.58000183105469,64.18871307373047,172.61000061035156,12.90999984741211,107.2513427734375,306.34918212890625,78.60980987548828,348.4600830078125,134.3710479736328,72.59321594238281,26.825105667114258,54.50736618041992
2021-02-01,90.93000030517578,65.62519073486328,161.80999755859375,14.239999771118164,104.64779663085938,305.9400939941406,78.53703308105469,358.1490783691406,126.5209732055664,75.07965850830078,29.938488006591797,51.183433532714844
2021-03-01,93.2300033569336,67.27446746826172,159.9600067138672,13.970000267028809,102.15664672851562,310.7998352050781,78.50057220458984,373.18658447265625,119.87931823730469,78.48886108398438,31.550771713256836,56.16495132446289
2021-04-01,91.27999877929688,69.26068115234375,165.66000366210938,15.100000381469727,103.17790222167969,329.5832214355469,78.54792022705078,394.21893310546875,122.85027313232422,85.15287780761719,33.747467041015625,58.95232009887695
2021-05-01,89.83999633789062,71.67253112792969,178.3800048828125,15.460000038146973,103.61324310302734,325.6242980957031,78.60165405273438,396.8074951171875,122.84080505371094,85.8404541015625,35.35759735107422,57.57394790649414
2021-06-01,92.44000244140625,69.94344329833984,165.6300048828125,16.09000015258789,104.66842651367188,345.6144104003906,78.46686553955078,404.3839416503906,128.27273559570312,87.48197174072266,34.14767074584961,55.868629455566406
2021-07-01,92.16999816894531,71.44817352294922,169.82000732421875,16.299999237060547,106.75408935546875,355.9145812988281,78.59613800048828,415.61114501953125,133.05812072753906,91.99950408935547,34.12409973144531,58.74234390258789
2021-08-01,92.62999725341797,72.4818344116211,169.69000244140625,15.90999984741211,106.33526611328125,370.92950439453125,78.57157897949219,427.97967529296875,132.6168212890625,93.98162078857422,35.880760192871094,61.030784606933594
2021-09-01,94.25,70.11790466308594,164.22000122070312,16.860000610351562,104.63313293457031,349.46148681640625,78.49140167236328,406.7304382324219,128.75491333007812,88.09587097167969,35.06782913208008,56.8813362121582
2021-10-01,94.12000274658203,72.34700012207031,166.64999389648438,17.850000381469727,104.16847229003906,377.36114501953125,78.22989654541016,436.6625671386719,131.92898559570312,94.96495056152344,37.7816047668457,60.03050231933594
2021-11-01,95.98999786376953,69.06626892089844,165.5,15.960000038146973,105.30482482910156,384.8964538574219,78.18519592285156,433.15411376953125,135.5846405029297,92.96183013916016,35.623191833496094,59.00771713256836
2021-12-01,95.66999816894531,70.72010803222656,170.9600067138672,17.110000610351562,104.65125274658203,388.8351135253906,77.96736907958984,451.59991455078125,132.7125701904297,101.0352554321289,36.64608383178711,64.22035217285156
2022-01-01,96.54000091552734,69.47814178466797,168.08999633789062,19.1200008392334,102.61199188232422,355.2768249511719,77.4909896850586,429.28485107421875,127.81722259521484,93.39554595947266,36.83108139038086,62.61827087402344
2022-02-01,96.70999908447266,67.09561157226562,178.3800048828125,20.809999465942383,102.20181274414062,339.3747863769531,77.1352310180664,416.6136474609375,125.55511474609375,90.14287567138672,36.321903228759766,61.42466735839844
2022-03-01,98.30999755859375,67.4438247680664,180.64999389648438,22.649999618530273,98.05721282958984,354.7777404785156,76.0521011352539,430.93560791015625,118.72747039794922,95.26802062988281,36.1333122253418,67.3293228149414
2022-04-01,102.95999908447266,62.89870071411133,176.91000366210938,23.68000030517578,93.88993835449219,306.9220886230469,75.66384887695312,394.33404541015625,107.51651000976562,91.87362670898438,32.66804885864258,64.86632537841797
2022-05-01,101.75,64.15411376953125,171.13999938964844,25.040000915527344,94.4620590209961,302.0523986816406,76.10745239257812,395.2240905761719,105.07589721679688,87.56898498535156,33.57681655883789,67.66088104248047
2022-06-01,104.69000244140625,57.263118743896484,168.4600067138672,23.100000381469727,93.64337158203125,274.6180725097656,75.63628387451172,361.07403564453125,103.72872161865234,80.53305053710938,29.771379470825195,63.83769226074219
2022-07-01,105.9000015258789,61.55525588989258,164.10000610351562,22.93000030517578,96.39085388183594,309.6815185546875,75.93302154541016,396.02777099609375,106.22904968261719,88.02896118164062,32.08085250854492,67.8536605834961
2022-08-01,108.69999694824219,57.790016174316406,159.27000427246094,22.25,92.65432739257812,293.78814697265625,75.31002044677734,379.8691101074219,101.40882873535156,82.73619842529297,31.452749252319336,68.21149444580078
2022-09-01,112.12000274658203,52.46059036254883,154.6699981689453,20.579999923706055,88.26506805419922,262.36444091796875,74.40043640136719,343.3413391113281,93.03016662597656,71.31449127197266,28.89275360107422,60.10943603515625
2022-10-01,111.52999877929688,55.55147171020508,151.91000366210938,21.850000381469727,86.96646118164062,273.3489990234375,74.29835510253906,372.7716369628906,87.45759582519531,74.61365509033203,32.50791549682617,61.689754486083984
2022-11-01,105.94999694824219,62.86655044555664,164.80999755859375,21.59000015258789,90.08968353271484,288.5039367675781,74.78304290771484,393.49456787109375,93.70478820800781,79.19945526123047,34.736976623535156,65.98531341552734
2022-12-01,103.5199966430664,61.48032760620117,169.63999938964844,21.229999542236328,88.59112548828125,261.8721618652344,74.68344116210938,369.1231994628906,91.03682708740234,74.1640625,32.7183837890625,65.12619018554688
2023-01-01,102.0999984741211,67.28450775146484,179.41000366210938,21.209999084472656,92.12535095214844,290.43670654296875,75.58375549316406,394.13800048828125,98.46625518798828,83.03624725341797,35.19546127319336,64.34587860107422
2023-02-01,104.87000274658203,65.21566009521484,169.77999877929688,20.309999465942383,88.92174530029297,289.3917541503906,74.83531188964844,384.2283020019531,93.44969177246094,78.16679382324219,34.386810302734375,60.5367431640625
2023-03-01,102.51000213623047,67.25628662109375,183.22000122070312,20.1200008392334,92.2388916015625,316.37310791015625,76.05773162841797,396.9595642089844,97.98265838623047,75.72293090820312,30.950057983398438,63.042022705078125
2023-04-01,101.66999816894531,69.2311019897461,184.8000030517578,19.90999984741211,92.99689483642578,318.4722595214844,76.22870635986328,404.8402099609375,98.30718994140625,76.72140502929688,32.09047317504883,64.71696472167969
2023-05-01,104.31999969482422,66.45696258544922,182.32000732421875,18.670000076293945,91.62081146240234,343.58001708984375,75.93128204345703,406.7090759277344,95.34403991699219,73.68202209472656,30.726362228393555,60.91726303100586
2023-06-01,102.91000366210938,68.17786407470703,178.27000427246094,19.489999771118164,90.47350311279297,364.7384338378906,75.54908752441406,431.46099853515625,95.53826904296875,76.96086883544922,32.61289596557617,61.3957405090332
2023-07-01,101.86000061035156,71.3045654296875,182.35000610351562,21.600000381469727,89.88069152832031,379.3373107910156,75.76911163330078,447.23931884765625,93.1028823852539,79.41333770751953,34.33354187011719,63.43113708496094
2023-08-01,103.62000274658203,68.49873352050781,180.02000427246094,21.700000762939453,89.21247100830078,373.7117004394531,76.074462890625,439.97076416015625,90.17315673828125,76.7308349609375,33.410335540771484,59.544124603271484
2023-09-01,106.16999816894531,65.99933624267578,171.4499969482422,22.510000228881836,86.41007995605469,354.21490478515625,76.02031707763672,417.6278991699219,82.98324584960938,70.4716567993164,32.234458923339844,55.73276901245117
2023-10-01,106.66000366210938,64.08409881591797,184.08999633789062,21.6299991607666,84.73950958251953,347.4008483886719,76.2700424194336,410.00286865234375,78.43659973144531,68.5803451538086,31.587881088256836,56.90897750854492
2023-11-01,103.5,69.35101318359375,188.75,20.68000030517578,88.5838623046875,384.98553466796875,77.052490234375,447.4541320800781,86.19766235351562,76.86604309082031,35.04341506958008,59.835941314697266
2023-12-01,101.33000183105469,72.15684509277344,191.1699981689453,20.059999465942383,91.66464233398438,405.4709167480469,77.64092254638672,465.9934387207031,93.40858459472656,83.10147857666016,36.702850341796875,60.37938690185547
2024-01-01,103.2699966430664,72.73230743408203,188.4499969482422,20.940000534057617,92.2486343383789,413.8895263671875,78.37203979492188,475.33447265625,91.89568328857422,79.8704833984375,38.022483825683594,59.13888931274414
2024-02-01,104.16000366210938,74.90428924560547,189.30999755859375,21.1200008392334,90.10641479492188,435.7567443847656,77.8387680053711,500.1407470703125,89.53791809082031,81.45094299316406,39.57242202758789,59.764442443847656
2024-03-01,104.55000305175781,77.4350357055664,205.72000122070312,22.059999465942383,90.74922943115234,440.729736328125,78.10652923583984,514.896484375,90.24564361572266,82.33639526367188,41.31855392456055,63.180931091308594
2024-04-01,106.22000122070312,74.9236831665039,211.8699951171875,22.270000457763672,87.88494110107422,422.0104675292969,77.73307037353516,495.6713562011719,84.4059066772461,76.44335174560547,39.74110794067383,64.7605972290039
2024-05-01,104.66999816894531,78.71495819091797,215.3000030517578,21.950000762939453,89.4626693725586,447.9718017578125,78.2981185913086,520.7422485351562,86.82579803466797,79.92896270751953,41.00148010253906,70.563232421875
2024-06-01,105.87000274658203,75.95149993896484,215.00999450683594,22.149999618530273,90.55049133300781,476.1992492675781,78.72527313232422,537.3804321289062,88.41117858886719,80.42827606201172,40.479610443115234,66.11907958984375
2024-07-01,104.0999984741211,79.27974700927734,226.5500030517578,21.510000228881836,93.16748809814453,468.9523010253906,79.64669036865234,545.642333984375,91.64201354980469,87.8929672241211,43.239810943603516,71.20064544677734
2024-08-01,101.69999694824219,81.8645248413086,231.2899932861328,21.040000915527344,94.42462921142578,474.1289367675781,80.35736846923828,558.3915405273438,93.56253814697266,92.48155212402344,45.216941833496094,74.62422180175781
2024-09-01,100.77999877929688,82.50578308105469,243.05999755859375,21.0,95.73401641845703,485.87591552734375,80.96451568603516,568.376953125,95.44078063964844,94.70780181884766,44.80174255371094,79.01618194580078
2024-10-01,103.9800033569336,78.15506744384766,253.50999450683594,21.299999237060547,92.49597930908203,482.35174560546875,80.47518157958984,565.0328369140625,90.23665618896484,92.29966735839844,46.1151237487793,78.69486236572266
2024-11-01,105.73999786376953,77.90843200683594,245.58999633789062,21.139999389648438,93.42394256591797,508.1615295410156,80.70104217529297,598.7276611328125,92.01667785644531,96.2308578491211,50.93696975708008,81.66893768310547
2024-12-01,108.48999786376953,74.59359741210938,242.1300048828125,21.770000457763672,91.01595306396484,509.64697265625,80.64485168457031,582.3622436523438,85.80333709716797,87.32930755615234,47.950599670410156,74.53903198242188
2025-01-01,108.37000274658203,79.23999786376953,258.55999755859375,22.520000457763672,92.16177368164062,521.5122680664062,81.4891128540039,600.0150146484375,86.86143493652344,89.62928771972656,51.28372573852539,77.33113098144531
2025-02-01,107.61000061035156,81.58000183105469,263.2699890136719,22.190000534057617,94.4405517578125,507.413330078125,81.81590270996094,592.39794921875,91.48362731933594,92.94522857666016,51.99115753173828,78.66168975830078
2025-03-01,104.20999908447266,81.7300033569336,288.1400146484375,22.770000457763672,94.79173278808594,468.2217712402344,82.19752502441406,557.7122802734375,90.41941833496094,89.61939239501953,49.62973403930664,78.29429626464844
2025-04-01,99.78099822998047,82.66000366210938,303.6499938964844,21.399999618530273,94.33999633789062,454.55999755859375,82.66999816894531,535.4199829101562,87.31999969482422,86.83999633789062,47.720001220703125,78.33000183105469
